1,74efa140e08d865ff0171b84749d3d4d,250a10a037b0c1774d71690d18bd177f,Adorei,5
2,95c28535c5672130854c504b15f27615,ed61b162f9b7d8cc7fc825d7242e7032,Deve melhorar,3
3,3ffc6b5623ef9a6b6471584f0cfb5492,44d723251d0d3c70e10cd75008168058,Gostei,4
4,41c2c8f587c3ac283671b84786977660,763587df716229f30eade155c1dd1f19,Sim senhor!,5
5,f6b9f05e5f68f6e87f452916d8db1d30,a3eaf1168c420978e1730a4b487e2ba7,Recomendo,5
6,5f0249a3ba837815252e6040bfb8e960,850e29c9e94f8aca99bed21aa6afe24e,Razoável,3
7,e6d1f30f5f5c8a12e3991b083f96d116,6e2ae7a48fe26a80b1cf5440cb138c4c,Muito bom!,4
8,ae276ab4151496e618b64bdaa186cd3e,335c67965dd28ca252f6544bfa084cbc,Adorei,5
9,01bbe55d42f3887195d778c7e1a696b5,ed4a98205799b1aab58cbef59f16bb91,Péssimo,0
10,d2722727e0f2f649a92e5d703e1db1d0,bf79759e0f2a87faa9a1726502a52ef4,Razoável,3
11,edaff28c8e0f8bc5ad3f061c6bd62485,2845025aed4b13b332d8b4b37eba8182,Muito bom!,4
12,13f771d8746e415e11bbee53f273a367,15e4d4fe2bb5476a465953c22c571d1a,Medíocre,3
13,3efc43fa14863147941307bc4a1e40c7,76ff49a929ce5a3c2ab47fe72cfbc02f,Medíocre,3
14,4bc6b9f23480d250b8e198c21065156c,f1e943fd0fd3632ee55c4577d2429111,Gostei muito,4
15,f3f5aa8e384b7c7e8209139ce2355014,ef213129eb55addd2329f5b6afd07087,Espetáculo!,5
16,f504f6cd99bac53f68425d658bcb7091,856c913b8f27d9c0e022c1fea9f7867d,Muito mau,1
17,004f820ba65e95f8b64f8a52fae54f4e,3cb816e6f2b30bbacff98332322c4c0f,Medíocre,3
18,76e31f1efcad60f8b269f027d71c4b89,7f97f07796dd9a497f54fd765a78a431,Deve melhorar,3
19,5bc101a57e53b876a9a163363f99d386,55ac19f37c7ad4bed1e97eea5455890e,Muito bom!,4
20,17b5eb94763b895617ac93be633b0da4,0737efa40aa2764996e648e070d1dd55,Deve melhorar,3
21,d388c3ddf658525a39419539617a1cff,664c7967d46e899cbfcca805464e3e1d,Recomendo,5
22,b2f12afe295a98657171fc088c4c1f48,2c82f3afb01e45322899b5e1e66f2f54,Muito bom!,4
23,1ec08891adee95f0b6fdaaa662fd847c,1204faefeee87dd2ceb4fc1d6d7077ef,Péssimo,0
24,83c6870c541fd470abe9deacf9727ca0,ee778c0ba6f4994ba142fde42c82a454,Muito mau,1
25,c6229c583b5fab8979bf3c626fb8822e,70c2e9dfa3378fc726737a67e60d8fb0,Quero tudo grátis!,4
26,b1ecbab69429fd6ce1120d53091eef98,775854bd41b2e0532b3b6ce0af0554f2,Péssimo,0
27,02703ae5e4b6d290431db56f0f2002da,349b597e9552b0504a50ef1531c655fa,Muito mau,1
28,5d1a63cc6721098dcb25b31e8860d90a,c3a9071af16915af57ec657cb94d5dbc,Sim senhor!,5
29,8732086d125b65fe42dd92b39bd8ce1d,766bbe2bd0ed78c223d0958c3e356ecb,Detestei,1
30,68a75ee5efd6de42acb15d38fc3db220,9e7c4171bf34a29dc898c20af06691d8,Sim senhor!,5
31,34dc863754323aec5e8ac8299c73f03e,612da215263cdd50cdf220464b1c4d80,Espetáculo!,5
32,174a2b01e1c4608baf21f1bb7ff0e220,4ae16ac6bfb23e24198bf8fbb2f08207,Muito bom!,4
33,ebdcdc535205aecafece37fa9851c5ec,98b67bfb0c644e6ae1d6c46c8530c2f2,Deve melhorar,3
34,423beaa84a4db31e1554f4f91e3166e5,bf1c21234fbce6fb23c167787c62fc23,Sim senhor!,5
35,9d2254780e1a597742e537fe35b520a3,e56369fdd8781c6bbcf62b3018fca054,Muito mau,1
36,e3c5147b0f07d3d66c08fdc6fe23b8ef,6359cb3ada1ea70d72d6466e1e681f84,Medíocre,3
37,a9ccc2de60e1e6371b20f028602b5f94,ec41b81acd2a37b0d7618c990f242695,Gostei,4
38,070d42e2bee91d5973c415177edc55d6,ec5e4ea9e827e8fbd4c440c6c1f8f8dc,Espetáculo!,5
39,a121ce040b96edf3dc42dc580e0eb83a,1dc15744a8a37dc21339184c6ed01d6a,Muito mau,1
40,377c99b35365f02dc7c7cc77c391b48d,b41430f4493af3f6c5cade423fe6dc24,Gostei muito,4
41,dbced38b4b6bffe91de53376999075da,5dbcdb9fef406aa4a07db98f40e10b45,Muito bom!,4
42,846c5e122f1d1d67f968b7c628a4184e,fffe0ae3283f63fb1a357f7142f0a9cf,Deve melhorar,3
43,8248270508007e51beb3bb43eb07c7f1,d302102f2ae7605dcc834fc03f71ce1d,Medíocre,3
44,215c77c0a0c5e086bc6cf238368a32c5,fa741d5419170f3c0423da15677b074d,Quero tudo grátis!,4
45,f02dae76601384f3c35e3ea1c3b81962,5d96ffcdac4ea331db46a363c0de57af,Razoável,3
46,f9ceaf714f354cf7b30ae4d5ba7bcd7f,726d2622a2ec44b9db4ae894267a9860,Espetáculo!,5
47,a3041d47ee8532b0a93d9cbe6565224d,85e907d4e3b5caa609176cdf36111cb7,Péssimo,0
48,ab1513fe99fadc2a6a6caeb6525c1a13,7bde7414ec1d0bb6db1f7f414c852886,Medíocre,3
49,fa0041c97427b385de70cda745a92bd5,379c9baf7885f958cc57fd0d9729563b,Gostei muito,4
50,c7a353c850b97bf054963522c97b7687,32372e9af68901ed8ac4b98f1460867c,Muito bom!,4
51,09753ed1c0c0170d9e87fcf0838cad03,7ba19315ebe7a926276e84d42b428157,Muito bom!,4
52,b144ece5faf4439692064b8a65abd466,21916c936541d7a8aea0d669d28750f1,Detestei,1
53,4359b2387eabf2e6f023b5b1f613bf38,761f874b8e8c4ecbb157781392a78f4c,Adorei,5
54,60a01dbf181c6551f9d03cf5b0fbef50,b98a6324de7c20f9ea443eeb00038c64,Não gostei,2
55,b2e58133d05c3a4ab8d2b8376807844f,9bb4249841ebc5848eb91ff0df32ba36,Não gostei,2
56,6f39f8a9948aa09da22c899f95b0a0fb,7d11da5a60b3d489163aa26ba29fa750,Muito bom!,4
57,309412fd3ae34bf3168b40fa646a8e9a,2803421d783f8a5f3bb131c5f315e393,Recomendo,5
58,41f47a3093274082df7fa7b66d39981f,1069b57103834b042325f019587286c2,Muito mau,1
59,31b0f9d22927c6d249467df3800377b2,4bb3582e9bb3fdd29078369af7db96c5,Adorei,5
60,f5ca8ad796738372d572af32e745cde5,5b7d2b6c6a6aba91e840fd79ca25982e,Espetáculo!,5
61,aec0217316387e81c41e7c6a4f393e3f,eee79d6cf212638084e2b7c5de75146f,Deve melhorar,3
62,df2098148b8ce5b6e51b14e5c5f70a69,e413484ab5f3eb70527f05a00e5aca61,Muito mau,1
63,d2f886c2f80dac7f5c4f943fe6a24817,5097c4925bd32df0db3ed2a475a20e38,Muito bom!,4
64,1cba7ca3cb50a1627b7ee6676ffdbe8c,cf33a0b0dfb5e8bb3f369fff01f29ecc,Razoável,3
65,1c23293b58e7c02c7cc69f2745f8fb44,c4193f1baa72a99655ffe9de4dfa9738,Sim senhor!,5
66,b2728c5193b891858b6f713bdd9f2deb,389726032b2eabe5371d32f5ee5afd2c,Razoável,3
67,f84c4ffeb3bc9a0ff9c138354509efd9,06f45574558beae04884d00f94229a30,Não gostei,2
68,62641ee18efa71133a2a40a184bae7cc,5df8d46fceaaa4692546360fa4846465,Espetáculo!,5
69,2242183540d619dda4c669b7f2f9a84a,77719ba471388dfbeb1ca11ee0bcfd8d,Muito mau,1
70,440f14a7d4bccdd604a4e13bbd4620e2,d507081364abc9e730da2de4b44a5f2d,Espetáculo!,5
71,084d8a2ee0465acf39ff4e7fa6cda8ed,910fb1a7fe7cc4c18d9d4d8fe0abcd62,Gostei,4
72,12ea5b8a7e9fb855f88d3a12a1b69a0d,9c12f14e62e158ed9a2922a4394ac153,Não gostei,2
73,c855a18f05d04ee0799e3dfafda0abff,5a495f11e45c8aa01890c20f5b0e742e,Gostei muito,4
74,ec6922373d574cfcc8b47c587b89a99d,c4352d3db4b49eb3faa92a5a99456798,Razoável,3
75,9226731debff23784ac0eef15d9388ec,41a72bf9b224c66d0dc63e1f2edaef4b,Sim senhor!,5
76,3ca424a5d671ed3d5a40d79e26dca2b3,5ae75d7360442bf8c25882fb37d044df,Razoável,3
77,4325591fd2e134ce3a151549c21376de,93fd5a911d5453a4283aab2c7d07bf66,Razoável,3
78,4ec1126eb377e9ead43cb812ace21f42,67c9e50bcb3979973d348266879fb762,Deve melhorar,3
79,d7b0950c397ab07296b009ee43618da8,0612c64de2b66342a229240bdd795755,Gostei,4
80,28dbc62afe76af32d9ea55cce31739e2,00aa7131fe1b91adc3e85a6b9f9e4a0b,Muito mau,1
81,8ff09b4cecd0574ba12e5d9cadbbabfa,f90262342a563825b06e4bd6d5b78289,Não gostei,2
82,a9687779aadb494b64c243caf218787c,91285a1ca2f13ea05ab41f5edfd40d7f,Gostei muito,4
83,6ac374c9691ba3bb55eebc5cdc3a0041,feb6159f1eac2b6085b1874053e379a5,Razoável,3
84,11f5dc4fdd9294256ca247ec841b5f2b,73e3ac7b9fff9e62d4b93cc1a86ef9a3,Muito bom!,4
85,0edc6a19d38d67f4e8c031c49ac1feaa,c824d200d0027f5f02feab0e8e4c8a5f,Deve melhorar,3
86,c787fb2e1137e932d7a551f2416636fc,1cb014e17fdd4879ff800cf0185eaede,Detestei,1
87,1b5966347287983dfa168a1131ff2106,4dcdd9d2fdfd454ac5d754fa428c97fa,Não gostei,2
88,6210b0e0a9df13f90a8eba169291df66,53c3dccd1623626d46fcab8ef778113a,Péssimo,0
89,2c53a34db3de9eb03324a155f05f12a1,6d2fe3cfa23f4784132f3fde0d49f2a9,Não gostei,2
90,0b8b8f195edde26045aa17127a80bb8c,36c5227f73eeff06eb9408780ef2d923,Medíocre,3
91,924e1b5f338c4bd6e30c177e59b32351,67906384df792a22873bef099a34f905,Gostei,4
92,0b712f72cd1521137a5d16048cf2eafe,65c970a4514597293cd22f7a756cfd38,Medíocre,3
93,251f93ef267cd1e75cef3328eb37ed8c,494c6f3b8ad7fd22842389e0f08a1e97,Gostei,4
94,991d102f436858735453e9777ce8ff1b,5abe74d6c6004b5e6d14772b0c52dad7,Péssimo,0
95,d4df6401c122c4ccdf19faa1d1d9dae1,9fa7910430238dfffda8b80e5be7ac9e,Detestei,1
96,455bb72f5fcc17230d485781b29aa9d9,9e86c591f20afac93a95821c75ad2a8d,Espetáculo!,5
97,aaaedf37ab7359b19b58f57f43db8b52,4d47d98327c156102599413030892ed9,Sim senhor!,5
98,4a57a80adde2d8d8fa42efb57081868e,27624d9c115933704472d60d3291d41e,Muito bom!,4
99,3e4965f3d27903f189d9b9061487595b,f597da2931651420dd1a8b49a3f18129,Deve melhorar,3
100,45a4c4395de3813ade4a1f6b78ad877e,f8a4ef25cb1fa5130f00ce9c09e0d785,Quero tudo grátis!,4
101,fc9950e747eeff8d5cbc2b244228b875,520105074a55ffd2e169d7ce23697898,Sim senhor!,5
102,e92b6c46a119a4ac12c8cbf13f1b9664,cc937abefe32a56c3579cc68caf5317d,Medíocre,3
103,92f91de9246ada6d1b95ee40341a763f,4e9a68dc6447491e9f0978f590f35a7f,Gostei muito,4
104,8dd00d72826a27ede8ab931a60dd75c1,7ebb8e009f6defb1d8d3a858e6eb8773,Medíocre,3
105,aa00719f136067d7ac226209ef4066c5,653c1b6cfb8e973aa318df4c4ab2d28f,Não gostei,2
106,a78d26e35be8d143af0f7dc6d73427f9,ec03e70113f80f7907a4728af22c47f4,Muito mau,1
107,7b22f255eb2740ea442ad3a2b211ab8c,0136b9312827651d55e9c575e30fb8f4,Detestei,1
108,0055d4b335cdbd2d2df7784b1711015e,870ca02143d1ebf56ccd9444e788ca2e,Gostei muito,4
109,104baf7fc4f62422e0853cd41dbbfebc,066c6fd58da8387a8cad07ae683c0b89,Sim senhor!,5
110,8a065456abd081465cc4117ad467587f,854bac356af81c6f649c9bdf91f8d611,Sim senhor!,5
111,0e4f0ff84ebd7b251094bade2f24d6c7,f61ed56ed319769188f5fbc537f7e47d,Deve melhorar,3
112,4100da61862a21d3cc6590a7ef5be2ff,d3e6206dd1a2cbcf51dabb2214d58240,Péssimo,0
113,6fc0b9d652fcfb84b67ed110e2a72d0d,7c55f43dd25fb74334f11625282f418c,Detestei,1
114,cf53186a328cb47b978a3e06c2e25d81,bd656b367dc75f048368b2ae5cc8100e,Gostei muito,4
115,4f68b6259d9d6258f18f8e91543cf6b2,7ad05e8be6b0e7a5894d5350fa73487b,Gostei,4
116,de3ae3e21687fbf2d3eddca47f5bea42,af163cbb84522e915170b9f3d89aa768,Razoável,3
117,82a94521f314b34631b7976a94ce5b28,694128271f437b1862cd9eb44b7e8e53,Espetáculo!,5
118,3140b3b9dafc79fa598a6dce8a166d8d,a814d1fab61bf440c43eb45aff2f86a5,Recomendo,5
119,377ab855d2b9dc6e195405dd7246480a,54eb15db6083780c89bc643857725f5b,Deve melhorar,3
120,07a6f1d7986c9c80e07ffdfc0e23b935,4eb2d0ca0e10e6121b872379a323b05f,Detestei,1
121,c3cb23adabda07ced0385edc1ed171f7,ea3948877c30140cb46564218bc6eac8,Muito bom!,4
122,2ef74e830b849e7d178293cbe4d855aa,96fc1c0d72276dd4a307fe50c583020d,Medíocre,3
123,3752c134f647c664d0b66b687fbefa49,0c180db729713b0e43ab9439c8046206,Deve melhorar,3
124,defafebffa4f42f4a822a3b19f9e15a2,0df8d94bc9bb54f2b3570976a41c2cd5,Não gostei,2
125,5c8eb7c8e99ae7b8d34261d545004288,03c385b52a5c54517d3566ed2fcc609c,Gostei muito,4
126,bbdb8e3eb6d3f09b82170fa1d0040e69,579212f6fb336d5b8eac670d9cd821bf,Sim senhor!,5
127,fa1f8925e004c3601f0174748494b3be,1be7ee41659d351841e0ead3b6c8f957,Quero tudo grátis!,4
128,3dadeb1ac71bab3e9cd5bfa162aec15e,eb659f4b76f54c6fb9ef6ede4ad847c3,Gostei,4
129,5cf3793762f3d9c7bf6dbd8cb855ed0c,dd17b7038348f1d9ae393614e426969f,Adorei,5
130,9e970879cc2a7566a289bf44b32b90c7,31bbb2555007f5fd1f86ed8e37766392,Detestei,1
131,1b94a65a2c3ef8df3ea5a27e3778f4de,ac606c7e28f1eb02198db58696abab31,Muito mau,1
132,cedee43d3633907eef4450e181c2b7fc,b440937ad3cd2e57506d6dd164a8c0ec,Sim senhor!,5
133,bd2711cdf7a5e60f7f6411845f39e25f,85063289da6b9e2621e710d76989bef1,Não gostei,2
134,a3965c0bf949d21bca2f9e2b15750f58,1cf532f20d6c4b55e241ed81277dfe4a,Espetáculo!,5
135,68044990cf89c9c927517c895cc9ee57,55a40dd249c49133a36bd68a40732f07,Muito mau,1
136,dfc2eeb25ee211a1e1ab2b937d64f5ef,4e4ac14e5e0ca632ddf95996991c15b8,Adorei,5
137,bf9924b47aca208753c54513519f5047,03cfab57a25843f290b97b059c860a31,Espetáculo!,5
138,a6a529c55a6f2729674b4799cede2141,9a7b5e2210038674d00c93329e7f1a88,Detestei,1
139,41832905d1080d181a29fd1a62c6a586,de95d979e8fcf0ab38d2a39d9c226139,Sim senhor!,5
140,976c523a57cab9aa8f387ab7f73ac30e,c991dfaeee9377e3f64c92d04ca10d07,Espetáculo!,5
141,a9cf413d22b46b3b972b20ff6ca3d13a,c0dac8988a220bb1c4b565ad2e9dd745,Deve melhorar,3
142,d7a96e76608eab4d8daac7fa5a826141,71cc0484dd6d8544a2f7f8566eb19ea8,Espetáculo!,5
143,3b990f783e4e95918b6ae5f318e0cf58,7ac1234305c223566d9b62b7a30efbf0,Adorei,5
144,86a1d094f74aa7ccc96e7dcba0237edc,b4a5aeef32cabedcb7c6b896a9736bf4,Não gostei,2
145,378ba8c62f6a8370e9f6cf33d6848db1,b9d529b5a31095ce0faae7516f0bacf0,Deve melhorar,3
146,7db6ff1ae66e32d6922066a750c01265,0c413498b950aaefe3b68e926e43d782,Deve melhorar,3
147,458a3601e16c9fb3432fb4319a6c7e12,23e5abf8133058a3ec765199f6ed32c6,Medíocre,3
148,703328e7c5ca40cde91adf2404045503,daef32f2e51c5e2ef0745ba12738d9c4,Não gostei,2
149,6d0c8292a4165f6833df4d6055cb595a,ab19cf12ded166a06577c65ef477659d,Gostei muito,4
150,15354c3bfcd641d367f948b95920210d,15656515a06250dc0f67b2d9deec0c37,Deve melhorar,3
151,6fa2f12de50f2d2ce2b8a468e22a760a,30e93d2f9a93f474d0fb5d81b06ce8c4,Deve melhorar,3
152,3832c8ab5be28abf7948ebbb5b26aa55,e249b9a5b4c7e1fbfc7a6bd9e608ab64,Não gostei,2
153,da0f78747a5884777b6ba6b38b400a13,63f94eb07b22f8e51c063d69d893a5cd,Deve melhorar,3
154,5e12529f6906a64057c6df952090e446,ea6ce064060a4b46a1e9f8aaf51d9ec1,Adorei,5
155,3ae2e00b24c094a94e7a65ac663f82b6,5c9cf07ab2717ca725f35a107479764d,Péssimo,0
156,fc353e822453bba9db4d637112e64117,23a681248818b8313067049d627840a9,Quero tudo grátis!,4
157,f7ea052e2bc62d4b7124bac02fddca02,f80aa6ac7a46d77ae2d92dc541a630a8,Razoável,3
158,35eae764183b1bf3dbd89e94e483843d,817206647c9831db9a185426e2898b49,Razoável,3
159,895dacf4f7ae75a7b2211734eb9bba23,70029666e1f7c0b5ec9ed9a9c1371fef,Espetáculo!,5
160,a004166d499114060faa412cd9c3e502,49eee6f3068cbaeb61bf891765207817,Péssimo,0
161,0ef3804d168ee3147e3a55201ccf037c,924f7510a8daa7f6f1b8fd9f6f4e269b,Gostei,4
162,2e3bb7b90ee840de2ac4739cee107f3d,2e7121321641e893af4764851daa7257,Muito mau,1
163,cbcaccc9c7515e103bdf7b069ff236d5,06f3c387104b8f7e5121bf6563874e05,Medíocre,3
164,0627d70d9cc833a7f733714c255962f3,42c20aec39722b9355952aa5f98be08a,Péssimo,0
165,162ac202a9996bc9fe8ecf5c83a0588e,bc01bf305a17a3baab2343fd312f05f2,Sim senhor!,5
166,d8e08093c27f83f4d13207750df76850,9344375a6a238386b3bf98a2282f8880,Muito mau,1
167,0591802a5ac39c5c4e6de6dd6e87fabd,6cae8b0825ca92a5a6b1f949f41e209d,Adorei,5
168,35811a828f06daab587bcafdac118f77,ea235780d5dba33dcb0bb74a383a19c5,Detestei,1
169,c6b363ea89d01bbefe9606fae9842e61,f853306130aa6a763f7b7c2c9cc08825,Deve melhorar,3
170,3d0cf6177b9f39a25016c09319c81f6f,b53dd97690fb6d36eb331f1c71f8bbba,Quero tudo grátis!,4
171,8d4ae6433c75a18c5b6779190c0f087a,767414e8528b0bbfca21f068344ef619,Razoável,3
172,7cc81310e256b33e3d21c30ba7f24dd0,9248e5a293950836f04ba697206f2990,Recomendo,5
173,32059e1172aa87b8eaf07a02f0a446ab,9e1623c4abb73bf9f8de9d97ddd1b28f,Péssimo,0
174,884a0214577eea06305ff2943c00a19b,3d5be99156cc8db4b002730a6d4d0507,Gostei,4
175,9c70754b5d158a3d80a9d902793c1fe9,4c6e7f4e229aa961017ce4e2a24fc271,Gostei,4
176,d8b0b857d857826c2f7d2a590b416f2a,5257db8e8c8ea358776db0caff5d8548,Espetáculo!,5
177,bc07bbccf354c6b9f6e05e92054b921f,f2a1476fe1eb93d73f1742778b98d452,Razoável,3
178,863a3d7889bce07b2fdc81ebff5aa13d,ef36cea06d260d1a8300b9b470f10896,Gostei muito,4
179,088de5f88c432174d97d49cb16c69011,273c7c4381870a15afdd78922d156d20,Deve melhorar,3
180,ab14b8197b677d7656b321a30130d7b2,76dd1c16c31ee6fac89fb4a9a666f1cd,Detestei,1
181,3475852fef4085159f7b1d647e1cb67e,85fbe678b8ea2cc23da18df5688c78ac,Sim senhor!,5
182,f0760b52beadecc7369873e5b5894450,e643cc21d6922e8b64a1a530c98f2f63,Medíocre,3
183,1278d9d4f27eef46192e302c8d352cb0,f611cd749cca0e73774535eee0013cde,Medíocre,3
184,7cdba1c54831cc942824f4964f670840,ce8744c6d2e211f4a4f649343ca3e59b,Não gostei,2
185,a09eec320b695d9ca0dcbe38fe21300d,57b3fdc425214b7d604f4fb79005103f,Sim senhor!,5
186,dfe07fb08615dbe441a06b1b7ef253af,ae9a4e2db1ba0a9c99570f8b435f2c98,Recomendo,5
187,50c90e145ff9ade11e975e255d1c5523,7f8604bd6af71f18bc89f93055cb6bb6,Detestei,1
188,18c17bda1a2908ba37af23a4b30a5a9a,aad6deef61fde83c9d52ccd35a6e068e,Medíocre,3
189,bf2c654a4aaae6ae513c77d5373c6c90,faa40767648292697ee3559b29df9a51,Recomendo,5
190,a854b6fdba1e8b19ad59de1b5ad5ff54,012c4a982edf54fc3b9d95693feedc72,Quero tudo grátis!,4
191,2a900db8a0a862a0724d8aba46c073c1,148cc6fd912a8a1349d2c64e3534b584,Gostei,4
192,2eb590da37689b8cc14c781d057d876b,5961986c05deba5f3a8300cbac0ff101,Adorei,5
193,16a7925fd4890534fe665d19cc07b710,cf19cf4db14fd3a5d78d69e35ec8928f,Adorei,5
194,2cc0e477cd94329e0677149da1098320,66b8ea67a2e8859b09f73197302790b8,Gostei muito,4
195,63d13a402d65e3595eb4cea0b2200715,9fb510fa7df187a1e6a5d33b80152d1c,Gostei,4
196,9e73c1fc40e860df9dbaad6765ef4621,7e2b31fe9c3651dd63a8f754e9cfd39d,Gostei,4
197,249e3921768a74b46c8dcc3f103625cd,7d067ec777ed3a35a06221ca18a1627d,Espetáculo!,5
198,e28f4d9044f03f5f4a2e0b090e74a8f9,7384f982c94240df9ac11235f85dd6d6,Sim senhor!,5
199,f5c9636621d1a95089ca9bf159483d17,847b64ecc5d0adf2e7b75806bef8f63a,Espetáculo!,5
200,ea5fc5ee97138f9cc77a90b27a069510,1f89f3fd87b4d5fb8090a6f9007486d2,Espetáculo!,5
201,2a8fde82a6d8e4fd40b99702640672ba,f24f114c2f0a1c90eb3dc7da808aaee8,Razoável,3
202,02adf19829d15d38d8f7756b38c2733f,ecdb2f3e73e22023956d93bffe473bc5,Muito mau,1
203,fb3bbad5b5c1c08d6e144c6c95c91868,3426114b97c8c8bdd21c38eb60fbefda,Gostei,4
204,f806d82ac9b05a05f526d02730c221db,3d6e70838a944ebff8c26a894944b959,Espetáculo!,5
205,5c42e5cb127d82b34bc2a3240212136a,7f58a89bcc6f6457017da712055b156a,Muito mau,1
206,6dd5aae1c239d057f32e62acebc2d949,5c0835b9eb7960f278ffc4dce8a4c3eb,Sim senhor!,5
207,27f961239cd60d29b8699591a77b784c,b60541c8cb2d0937ccb6d1499a6acef4,Medíocre,3
208,b44b1e90aa617eb4f83b0255c2348276,efc5992c0c7800e4d13887f25a4ae52c,Não gostei,2
209,8217bcd6943fc63ae852e27148386371,4f6f4002e2cc8281ac5949008772ae35,Razoável,3
210,60f9929d8f55795a187a99f4f0b9e70e,12793b2666126f3732c98e12dd26c9d2,Péssimo,0
211,7e72bd69f69ab58350099065a1882d74,f41aaab83c9692af9e1e1ace55c8519a,Quero tudo grátis!,4
212,93274dba148bb4becd386df8f4a90201,24d1fc4ae00d46ff3fc2d6ba1a7b8e4e,Gostei,4
213,d5966734d6048da877dc2b2d1e727c2a,96e95fb18518f124817575226930b79f,Péssimo,0
214,45607758c8895f35e2092f1a76f88040,f3ec37a6eabbe9a78744de29d7ee5233,Gostei,4
215,eb522811986b23fa24475b0b7eaaf1a4,e3d21b94099a5ac697157fbc72a36036,Adorei,5
216,75a14bffe171563eadee7d013de0955f,dcc303d1e8852ee391f0c724d8fc1490,Deve melhorar,3
217,3fb544dec1131d5f8b7bbc575b3c4399,208ddd5697a36cb40fd03a56ff402a7d,Gostei,4
218,f9cb91cd8c9508a591de33b1393e0c3a,d52c767d296dbd0d389d021496bf2127,Muito bom!,4
219,0b125c56f8eeadb184244d576f999969,e3754b08fab146c00af1aa1284d5454f,Gostei,4
220,7324f64b612212480ff13e6a602f1edb,521a1e8ae515addaaac06f10cb81e4ab,Não gostei,2
221,87a96793933009bc30bf0f7521baa482,a63437f7a0030767dc021e7c02d4cfa5,Razoável,3
222,d75ea8df4ca8a03a93ab7ca9ff0c6876,4a3e234354088bbb4c9f07a87a419d94,Não gostei,2
223,e19ec42918281088d6ef5a3b385a3df8,c71eb3694bed12a0eca204109cf3af44,Gostei,4
224,aab804c5195a834491100de4e10595b5,ae9f4a1bc09d28ce710fbe8b9ab5b4a7,Muito bom!,4
225,bbc442e42a54baffd67b1c6ce923d6d5,0d06e7970382de418d29024e948d8309,Detestei,1
226,9a768202ff0a4af76c716fe9035c699f,46a823f47987b765d1bd9d46518c1ded,Detestei,1
227,77f3c175efaf269e8ed79e76dbaa5ce0,412daded8fc355ca99c1cdb93c88a11b,Deve melhorar,3
228,699a0360303a0537f46ca883ee68a039,7d166fdcba5ee8086a4fe6db449304e6,Razoável,3
229,c28a8beb6795588d9d796cc69f8465bb,773d61963a8efae1bd89152db9a4ed23,Medíocre,3
230,0bd478b9fbea90a35389e88bd2b3c260,a733f79904fa49c049eef0246af39532,Quero tudo grátis!,4
231,c265b70b5eee64024abd8a756620067f,da3e39f0c65005e5122d39a970922c91,Péssimo,0
232,754ee2b0bf5e9a042d5a051d101237db,4726c67775ea67ca248f8ada03a8261b,Detestei,1
233,5b6d64dd52915436c95e21823627bf9b,ded213de38ecec8631b78fe229c5ab67,Quero tudo grátis!,4
234,2f93108fa14422cc80302b27f67b770f,4430e29a304969173730e0c63ed947b7,Péssimo,0
235,2c046a809b0ce64d68a55395831b4a7f,16b4d1c73abcfe44df0555507d0ee4c8,Espetáculo!,5
236,1f007fb264902ed39ba7e5623d7d8557,dc986ce238b30df3c2ef2b55f79eb96d,Detestei,1
237,f9f642c82ede87eed11b43b2a62eb5e0,4d41d97a0ab41b1051f90f7210d1fbf3,Muito mau,1
238,dde6abc1ca6183d8e21d5152026660f3,83ae3c5acc47e93f13608decda117dd0,Sim senhor!,5
239,63ff04323a00ec22758590bc57cce742,c16a3fff33eeea9d5b5c44c5528a6f96,Gostei,4
240,98aa902b66827e077c5bbff8bba336ec,497b51052ca9a07b95f0ff9076d09aa8,Péssimo,0
241,14cc9fd69b4c121843cbb6102b2481f3,ca6801e0e4cab93c24772a35be992bac,Gostei,4
242,16b0da346f56563e1d7044a8385d4e96,3c06e639e440e96220fa75ce4e8e5bc9,Razoável,3
243,94277cc3b8568f3c86cb852d5ed464c2,4f0bc437dcd93897480acd7ca936ccb7,Recomendo,5
244,450251a8f1c9eb9774c11705c2dcaf3e,9706622aa0fe02e9ab9adaf6313d1289,Adorei,5
245,377e873a3d0207be6b9eb5988d8fd5b8,bae573cbdaa2601eb3e768b7a2ba0e88,Recomendo,5
246,d42819867782c6e78578edd230c15157,4fe27c22178796112d3b8747ccb8af6c,Adorei,5
247,1f6454154be780b5719fb44e07006306,9ee7626abdfc67aaad5690017ae00c04,Detestei,1
248,f5c0e97308fe7994d5a35b53ddcc0ede,55f5a8e8a065aaf9f8338ad9ee137fa1,Muito bom!,4
249,3c5209e64746b580ee33e14e3c45010f,b84a832db77765b4a091f82d59c43faf,Medíocre,3
250,4f02892a2e1a8b4e7e772e25a92e8ae2,6f302072929e9c5e8e855358d132582b,Sim senhor!,5
251,167f850605cf96f6f0a90aea1f9deff9,2a849c2aef8ebe2dd1e867de3cb5983a,Deve melhorar,3
252,4162545f54cda37b367937ce67f6f6bb,7a1be130afdf30e96716c3c1a56574e9,Gostei muito,4
253,398b52cd73b137f9ddc1752ab9a3b199,f5665b96818c4a1dd02caff02ace02cb,Detestei,1
254,4ca361a908d8d1675e5b12a47cde9cd6,5c2bed32e9abca191a0cc4576e07a7f8,Razoável,3
255,878057d0756baa5dca88b6d04552de6f,b55d30ff46e575bb1cace303820fbc87,Gostei muito,4
256,788d2fbbe6fa99c6b04552053fa4182a,bdccf9aa947e4b383eb6c3296ebf99fb,Deve melhorar,3
257,50bdb0a8897fae5362051320b609d610,91d06435e3453dd43f4fad7d5719a17c,Péssimo,0
258,7a07b3d023d67fe3f28515a990aa8bfd,bf90bdaebc1dab7866b38050c0f94235,Gostei,4
259,2135052001bcc94543909af4bd3c8dc6,f9af59ebc9c8890c89361525a65636b3,Deve melhorar,3
260,c3a5400b21fa31668dedf25850663a6f,173cec4af64bd1a47c03e4d6be846806,Quero tudo grátis!,4
261,a67c7b436197d277fb7b201103fc552f,01ae24c382a784b587e11431cc673748,Medíocre,3
262,f342693586b2114dcf15ddfe98752a3b,52fd023b7cfa5492b4470a28eafbc81e,Adorei,5
263,48dbbfb2106a590a2d75aec4eb02ab4f,a7be1a25198236def8d1960482e40ebc,Detestei,1
264,48cc38e625b6cc2f98e8362ae4481144,74ec950e0f865dca673611b807a07ae7,Gostei,4
265,5a8d43afaa59f465bfc37d2d9fa62a2c,f4aba2f8794a74ffa5968f2883f16ef2,Gostei,4
266,244a22aba92f73d7de5aed03527330df,5446cc3f4db104a587b9a14315392798,Muito mau,1
267,6384161f5fc4718442ec87d8f21276e4,ba7ca202d090a57a124b2c5f03dd8320,Não gostei,2
268,a73c97302c3ce539dd20bce0d835660d,30142f619d3265ea36b21315b7c91cf6,Muito mau,1
269,9f720c659edfb020fddb28db17e2c43e,9d18134aee327874119d5da18d8eac0b,Gostei,4
270,f50abcfed01610845ff5f40127ff3c6a,65613f52ae659a57f838a3df525b6c86,Detestei,1
271,c65656b6fbe21cae3696632b0fa9e654,fcecfc96b08b268867d71fcdc9d74e3b,Medíocre,3
272,3818a02a043ea29c4583e2f27bca1975,885bd492abcedabf5b352a14564d3b53,Espetáculo!,5
273,846358d850eb9aecc418b0c283bf57eb,1186a9b26f99df07822fe6f68d644c47,Razoável,3
274,0a7200e316ee94501fc0977956b8a39c,b0baa41a8a5df5cb05fd3040ece0214a,Não gostei,2
275,1a7ea227380e14b85d7ead75f9808c41,36a509f354a2fcf1811df169374c4b11,Péssimo,0
276,b56313502d27f4244865d396fee90950,acf8e41ec148b823d1a4df569428e3ee,Não gostei,2
277,8ed525b5ad38dec85099220107e7567c,c15bba03281936cf70bd340b7b754a1c,Muito bom!,4
278,52df73388a8f5f34e25c128cfc78e33f,4267688b92a9f927ecbb2cd4286a71ff,Péssimo,0
279,ed110a7b91f7dda0c1a2d361786ae1bf,73b82869c19ccdcc0c10af59e7878065,Medíocre,3
280,83956b7dd309eba85d675eef4723d6d7,68fd1ffad1de0e58e5ebf1202ce31d39,Razoável,3
281,a9d1ed67b7bf955ae9c688005a61e9d3,61b157708ec3af707ed276bef62e4d7a,Espetáculo!,5
282,52a20050f17d2cb87df7c34a0e874d84,0a70a528151bc47ac2e8dd21b2f99162,Quero tudo grátis!,4
283,6eb2252282dd6232fcc04a08a247d9f6,c13b2263f201631604fabed1b90327d1,Muito mau,1
284,e3ff8ad24bc0ef13c57a35180ae2e382,7637a5ded5bf71c6b60d1b7af7afae4d,Detestei,1
285,a4d53365836f01af758ea761a75ce9b6,02ebc287a95916a1eec87195383eafe4,Medíocre,3
286,5652895ab1f401c0ee5f00c508ac974a,abc83f96976ed9294c50fe86e1806477,Gostei muito,4
287,a0b948432d571d03ca6350ada37e9fcb,54c5fe6c4a616d16bca26effbc312cc8,Sim senhor!,5
288,0f1d3689c2e50be4bfd51ec2b86f369c,1677e44fb5749b58880fcfec020e175c,Quero tudo grátis!,4
289,1ca4c28ea4cc2c297578946b6bc05678,74c1610c3e4db1b6b6813680272bc3cd,Muito mau,1
290,e715ceac2f5ed98eadd1ca8ec6acb158,6aa3cbe51eb1d4c57b874242989fb4cf,Muito mau,1
291,e6699d119128f29572cc9d48427c09ae,b12d4aa0e1d77f536be39216bb082fd1,Sim senhor!,5
292,eb6b01dea9001da24f593e3501f9bf7b,e8c56d669fe3b01bbf8f5e9dfb019908,Não gostei,2
293,95a8cbea6b494ad6f31b4de95e1f32a7,dcbbc16bd30cd7389c65e4c77da73579,Não gostei,2
294,4b3cf1c33a938ef6d58622aab6cb9232,8d90f14531a24b4be75d91b1070d57ec,Gostei muito,4
295,67e5f439c162ee793eb76b4728c9f115,d034369426e3514cb44a6191844f2f44,Gostei,4
296,1e11b9528cd0d966d39ec6d082c61d81,8dc7376a8515062395d3beb8d587c9a0,Gostei muito,4
297,334be7a0811b0fe5e0636ea4f92edc37,abac086787e3e8350ada702eff7d8430,Razoável,3
298,a6928d7e68db3f3b9158a9b7384edbd9,407e2a309ead834c1d70446dfa814727,Deve melhorar,3
299,3116cfe853d60b93c60d18052332e1d8,4ad94d974dd0b4bc7e5b7be1935600b8,Razoável,3
300,73ff44d09b533700558a177432bd9b8a,2431348c781777c6189e25b576515641,Quero tudo grátis!,4
301,83ff92e056b26f262b0c65843811ed24,74fb3e449d1d55ed67d8da7dfb171b3d,Não gostei,2
302,35c1d924c4fdebb98ba368fdc55ec956,a424bc564f4c30e26bd63568ca18453d,Quero tudo grátis!,4
303,289e8c808871efe5ad098a5b9254146b,ff71cf442de5c20a1d98a1a3e102895f,Quero tudo grátis!,4
304,22b26c50c08b8d2c3cce36e0343f8ca3,f55338f1630bf96a62a5cb221a936c50,Adorei,5
305,28b4a3e88ccb3f7e7aeeffd3a7f1bc19,2543b9338613baaa9980d2ae2356b8f8,Razoável,3
306,701e3601af8a3f619730a3a996458c96,427a821ad87ab205b59610453049d066,Espetáculo!,5
307,9cb21db55af28028048b424fd86ceb6d,4af0b8eef180c2c39e0015ac6b96ac6a,Sim senhor!,5
308,1c252320a5db50867053925283b3cd55,db923664dfa81d00f6df1442f3348e9e,Razoável,3
309,bcd8ef27fc1db89f30cd3484838a473b,de847f95182005ae06691ce54f1d85a2,Adorei,5
310,0d2c3cc66f40b80839770ae420d83752,ee5ae733cf12ef01725347810d95ac6b,Razoável,3
311,c21685ba78986d0544b07a8cb0aff2bf,95f25b9ae9ec77e209b2d8a965b522ec,Não gostei,2
312,0084caba389793fb18de9404d223c817,b2f14abe4a404431ce9772fd5296ac33,Sim senhor!,5
313,eadd813a0a490361a76c901dec10b954,fc0a483fc7fd5c0ffa96d1ac89428874,Razoável,3
314,2ee16a036d2908eb24890e50a0d0deff,32fe490b43501530730b85c9a24cd3aa,Gostei,4
315,c9ca61972366650971c74a6cffe0e523,a259525f0882b690847f0fcdf9943dff,Gostei,4
316,5184004888fee40487f8e73f81b5ae83,1e770e4f2d39e851a88439c841883a74,Adorei,5
317,30c981c3dc0bb9072da25743fbc1807e,40bff2c2f830ae5d5d3f5bc0a345d7ae,Não gostei,2
318,85ccafed49d56e5e6385c9751d1431ea,8e650175d0ebc74a51f23d8ebd0e0686,Espetáculo!,5
319,f0ae68b4a1af05505d04065a1d456d91,59c9320a2de6b249c90c9d8c863801f4,Recomendo,5
320,f653c1051407e0bdd0374560a619496b,4e446c9f01a95f03eb5c2a5e2bdf603e,Recomendo,5
321,edc04b08745e7e561ec02aee9e636a34,224dd8bf899d75e8c9b6b2b51ca97e93,Medíocre,3
322,8014e9ac65f03de11be0166dfaa0705e,b5c79473b3d0cd2b13d78ca9c217effe,Deve melhorar,3
323,36bc4dd70bd47fc64da8f908c80c2727,bda43dcdd811622187069456dfbe4038,Deve melhorar,3
324,f77bc8f4e547a5b71a01b1f11f4eb4d7,4b3fad299a2e1399d6fef1d0bda25aa6,Muito bom!,4
325,7170a68ab48efcd571f810ae02f0f0ef,619cf181e6324b312cf6bf3d5427a3dd,Detestei,1
326,f30cfbc0b4961871fc7edd78adaafa9c,062c82b8a80b25fc2ae41991c76db9be,Detestei,1
327,40f58f67ea4ed99609e18adcbc6db357,284b60804662bb1553afaf419bb83feb,Muito mau,1
328,d30f3a70ca13939a392a488b6a13be67,72a877ab6c5ea4f27964386e820e4832,Gostei,4
329,197bea3c01c32e7000965ad92f736c1a,5c1e2d2ccbc5933502a0395940dd1470,Espetáculo!,5
330,c0f3a15b9ab2fb9bf25f0943ed8a5ca7,567d6f4ad79d231984a7bb11a262630a,Medíocre,3
331,015d6856938828ac4181ba53dae32d89,4865d9c9b882b0f4ce908c14322d1e22,Razoável,3
332,32ede41c2f997c391adf9297e2dfba45,ce6ca609066dae2e73e9c4f47d49fb58,Deve melhorar,3
333,a67683bc8c517ce98a0e686b6484b093,6a5b580cd4c110dfc9d67236c9dc57fd,Gostei muito,4
334,f62520f30b6a1fb5bdafd22d55cd67a0,475229e0133927b6e79e848f0f1b15e2,Espetáculo!,5
335,ce1348ff6322960246a84ef690a0f14e,e2159ac9d1e41b2a92696049e0b5a9c8,Detestei,1
336,98df8c03ffbf6ffac726b534b7f19183,aa25fe19ba4a348b05148b1162ed6a06,Quero tudo grátis!,4
337,c1aa30cf9b9ad7eb74c1d398e6a67513,0fff736a486f59c2356892400c1f5a3c,Muito mau,1
338,ac26c47e8b7b2993d96727ebb8556b7f,9e8a97f184a1ee4deb7b37df0e7234b7,Espetáculo!,5
339,7aa06f9aa963949e9251b8d36c07ab98,f12ea1ecf158391eb09abbf1ea0a1e4e,Muito mau,1
340,e41e6882fbe8db77831339d54e14db0b,48a85eeb7e50f6480c4652baf18bcf9e,Gostei,4
341,6ffdf959cf7a767ce34fc0bdefc3ffe7,347772706d35623d9e54659331ad51f8,Adorei,5
342,4c639c58be69f77a08ff98e108cb6ba1,ff23d1c6a71be4a4a42e17a44d1a15ea,Muito mau,1
343,3f669d3a750ee3d01d67bfb2be70af95,1c9b18e71afbd270f0ce04ed94de145b,Medíocre,3
344,96c18abbe0139a96fbf25bf235625811,0db341f84ffcc783ec9961bbf16e9068,Péssimo,0
345,deba0e222a71dcde8d7d22df1747809f,7b0dea218b611f2470720bac38c11ddf,Recomendo,5
346,b85c2f277efe96ab9c6941188999a5e3,eef3e236412aa0877fa7d01a1ac25d95,Razoável,3
347,127446dbaeea32e5fa4f752532cf5c3d,2b5f598f37e4c162f226621980dedba5,Não gostei,2
348,58b1849bfc2779fe5ee0f4138a3a0747,a4a18cbba7f3ea48545f1a389ca677e3,Razoável,3
349,ae0f100bfe9587a535ded8b9b181561c,1c89230ea336225605f89a952509b233,Não gostei,2
350,22ee5113576c1d2b2589cb9a00705a1d,4d7d6c9a59ecaf42ea320f3288b715ec,Adorei,5
351,a1b7ef9070c3d55354e388c2c2c308f8,54f1a19b15e6a2857480793b4bc3eb63,Deve melhorar,3
352,74c29e056d6a16c6de96bf5f055a7311,cbc2b7c5b88deed57b3f396c4d55edfd,Péssimo,0
353,38b86e0e2ff6fa00c1ebd86d435ab57c,2b4392552a47926798ac23d3570c6898,Detestei,1
354,e8610dfbda30e751028f0e5d01ae8bdd,75be8983872cea85e117fec458091737,Recomendo,5
355,85f63cef5bc8ea808c87e97335b536be,2c380fd52c79405a45674556b97b27db,Sim senhor!,5
356,7c66069f5ff701a085a9a7aa8e36667c,139d221328340826735499b83798ea0e,Espetáculo!,5
357,cab56910e56e479acac1100c64a2c414,f0c3fd8446b207996fc6eb612afea693,Muito bom!,4
358,16658cf0bff7d380a6792e154e045c7a,4d7bdbeaf3e7688760180518ffd8a8d5,Deve melhorar,3
359,0aa5da6d00628d7090105121050f28b5,228d7ddfd1afce47c781d93de68c00f5,Gostei,4
360,d1db33c9d8732812680107c6fcf67627,cc378dfa4a956596cadfae073dfbdf5e,Razoável,3
361,d13a3b36e747034d28fc5ec60ef12e84,221dfe8300830336a2e46d36bfe902ba,Deve melhorar,3
362,0f505e075dcf3b2f5de1a609ac40b536,06f947988bf2321c62d63229e1391466,Gostei muito,4
363,b6434fd10e0a0e71e8e45e4bffd26c1e,3e1b649edc281c0a4edbd3bbaf175ba3,Quero tudo grátis!,4
364,c51b11fa06cacb39b2fa7fce5eee749a,dd2412398240e06bbeab53ed4075cbb5,Péssimo,0
365,183c7180ceaae9027aa89a9b7a24ec27,a8726eeb51ae8cdf7c97bacb3f93a380,Gostei muito,4
366,e5f955509694fdf866e956cf7de39e88,530ad0233ac0012874c661f5460e9d95,Gostei,4
367,bcf159d4631b6511c55ca5373ec12f6a,306bebfb17cfcc57925baf5103216e0c,Adorei,5
368,bdc693a7517e33bc1827d2777757f2d9,9749f4c30342f1ce195a849d1a81d850,Medíocre,3
369,c4c303f7e2a1c58c49b807e34b88cc62,8b4910dd3a0aea5ef964c3786c4e2f74,Muito mau,1
370,b7121277386b943c033600d786904092,e846c8399d7224ff854623b815bcb1c6,Quero tudo grátis!,4
371,7810d0728e13513748be92cc010c5005,46f3fb713c7bfc9f09fdd6e02996bf01,Razoável,3
372,bc80e839bec0a7e1069a8a07dac4cd1e,1b4b529b414eb648a3c56f3b4e43e9df,Detestei,1
373,1e6dad48f4b09bfe19c597ecc01a4bb9,6f6b31a65b8225d8bed45646627cadb7,Espetáculo!,5
374,3446ee373155797c39dd8d86621113f0,77bbd102737695da71df8643dcb1a137,Gostei,4
375,7adb60e06a5bde0759cbdbb92478f284,881aba6818168bd7c59d71d0bccf2b9e,Medíocre,3
376,0db182bb78530012b139637057dd8a7a,d28bee387c2a28897f4d7e1389fc35a8,Espetáculo!,5
377,a673bff0253c57bc6ba305c7c6254f8a,095b7a88a57f6d4456c3989f429e97de,Medíocre,3
378,52ca081212417e9d0d9d651ee37b33b8,3dd0beca4bc782c7d2a589b34d86163f,Detestei,1
379,a643b45065a602810f0a2563a0387ade,855d126be2da0f204135ffae49d3011f,Muito bom!,4
380,d5c821a6a1a0ec6efd2137c13e73e1a3,78e2b0f4a7e0e2d0a3806713a05e87ff,Péssimo,0
381,cad2194fa02213ae16f0882392b6dae8,fe632471f2e81bdede512672f6631443,Muito bom!,4
382,c0e288deb64e98af0211d631ac74610a,c4d6d0289300c77d55cdcd54be2741b8,Espetáculo!,5
383,9db043706c541cff2116f580a45f8979,e4902b16e42b2ad795669f057ab9032b,Quero tudo grátis!,4
384,bf54ff387495b7b457a84efc04198091,66c47f8febd3670f47cb722cd8285dad,Péssimo,0
385,01272a4246c0a8045297d2bd76ec1f20,5985c62ff4d0af6e421fee3988eab82b,Espetáculo!,5
386,8f168bd8c32f4226d5cde835f326550a,2feda6d10f74f698b00adbb03bb02ce0,Muito mau,1
387,5a8b7ae1bf9ade97a05cac842d6fdb7e,5edcbb4e7b08b2351fde0962af34f6c5,Quero tudo grátis!,4
388,f90bccb2f672e8c93f45afe5d9dd7b69,20e902221c3c4cd746ee734c52953533,Adorei,5
389,226ac168e08da1af8eede45c695e55d6,d5949b601904e4bf0ad1e0586a743c0e,Gostei muito,4
390,3dee552697865887e1c9926d5f4fa149,5013f7c9ac37a981438c7b899b06b33e,Espetáculo!,5
391,66a4346b6684db677d3186563f648324,5d6353d54b3d5faf41fc01df2ed55d28,Gostei,4
392,af44b5e6de1e5ff9f00134fac4c0a400,16d286be958826e1d4d253cab44afb7b,Razoável,3
393,23bb5b0da5ddb394e10752cd2db125ce,97dde9851f269d3eaff25bffebbf0200,Quero tudo grátis!,4
394,5c0494a2cbe1ef3e7e1f0b85dcd35f36,5fdc04190a7f9a194291fe04247906e0,Espetáculo!,5
395,ea09cbf773421d3b9772405c6e89899a,9cfcac09e2011adeddfe82e780f10f8e,Quero tudo grátis!,4
396,6f1aa996fc9ce8e622070ff8f8c7557d,b03188d6ef11823047f8acf0e84b59c8,Gostei muito,4
397,98230caf3a69d4df4d977652232effeb,e591ee8a99b3a8761b55dc4d6a274951,Gostei,4
398,d603d62ec652b0a53edad6492be5948d,ca0e8eb70511db57d03a6aa362621366,Gostei muito,4
399,db13b53776898d4646b5f22c8c6b4338,22f5d135272a0294494548f85f1642ab,Recomendo,5
400,4fb2911a3b572e087dfa979c408d9cde,c7ce243f1e4347a2dc660994e78819ae,Razoável,3
